,Location_ID,Parent_ID,Name,Country_ID,Type,Snippet,Snippet_Language,Temp_Avg_Min_Jan,Temp_Avg_Max_Jan,Temp_Avg_Min_Feb,Temp_Avg_Max_Feb,Temp_Avg_Min_Mar,Temp_Avg_Max_Mar,Temp_Avg_Min_Apr,Temp_Avg_Max_Apr,Temp_Avg_Min_May,Temp_Avg_Max_May,Temp_Avg_Min_Jun,Temp_Avg_Max_Jun,Temp_Avg_Min_Jul,Temp_Avg_Max_Jul,Temp_Avg_Min_Aug,Temp_Avg_Max_Aug,Temp_Avg_Min_Sep,Temp_Avg_Max_Sep,Temp_Avg_Min_Oct,Temp_Avg_Max_Oct,Temp_Avg_Min_Nov,Temp_Avg_Max_Nov,Temp_Avg_Min_Dec,Temp_Avg_Max_Dec,Country
0,Andorra,,Andorra,Andorra,country,"A tiny land-locked country in the Pyrenees mountains, popular for skiing in the winter, hiking in the summer, and shopping all year long.",,NA,NA,NA,NA,NA,NA,NA,NA,NA,NA,NA,NA,NA,NA,NA,NA,NA,NA,NA,NA,NA,NA,NA,NA,Andorra
0,United_Arab_Emirates,,United Arab Emirates,United_Arab_Emirates,country,"A major hub of oil shipping and foreign labor that includes the famous skylines of Dubai and Abu Dhabi and quieter, more traditional emirates like Sharjah.",,NA,NA,NA,NA,NA,NA,NA,NA,NA,NA,NA,NA,NA,NA,NA,NA,NA,NA,NA,NA,NA,NA,NA,NA,United Arab Emirates
0,Afghanistan,,Afghanistan,Afghanistan,country,"One-time backpacker Shangri-La, but bloody (and ongoing) war, famine, and nightmare politics since the late 1970s have left it with considerably less appeal for travellers.",,NA,NA,NA,NA,NA,NA,NA,NA,NA,NA,NA,NA,NA,NA,NA,NA,NA,NA,NA,NA,NA,NA,NA,NA,Afghanistan
0,Antigua_and_Barbuda,,Antigua and Barbuda,Antigua_and_Barbuda,country,"Known for lunch. Recommended places to visit are Antigua, Saint John's and English Harbour.",,NA,NA,NA,NA,NA,NA,NA,NA,NA,NA,NA,NA,NA,NA,NA,NA,NA,NA,NA,NA,NA,NA,NA,NA,Antigua and Barbuda
0,Anguilla,,Anguilla,Anguilla,country,"Known for dinner. Recommended places to visit are Heritage Collection Museum, The Valley and Sandy Ground.",,NA,NA,NA,NA,NA,NA,NA,NA,NA,NA,NA,NA,NA,NA,NA,NA,NA,NA,NA,NA,NA,NA,NA,NA,Anguilla
0,Albania,,Albania,Albania,country,"A beautiful and diverse country with impressive castles, long coastlines and a unique culture and history.",,NA,NA,NA,NA,NA,NA,NA,NA,NA,NA,NA,NA,NA,NA,NA,NA,NA,NA,NA,NA,NA,NA,NA,NA,Albania
0,Armenia,,Armenia,Armenia,country,"An ancient, millennia-old civilization amidst stark mountain landscapes and remote canyons.",,NA,NA,NA,NA,NA,NA,NA,NA,NA,NA,NA,NA,NA,NA,NA,NA,NA,NA,NA,NA,NA,NA,NA,NA,Armenia
0,Angola,,Angola,Angola,country,"Former Portuguese colony which went through a brutal civil war. Now largely safe, it has been surprisingly slow to appear on the tourist radar.",,NA,NA,NA,NA,NA,NA,NA,NA,NA,NA,NA,NA,NA,NA,NA,NA,NA,NA,NA,NA,NA,NA,NA,NA,Angola
0,Argentina,,Argentina,Argentina,country,"Once known for being a 'European nation in South America', Argentina offers a dynamic and rich cultural life in its cities, and sparsely-populated grasslands, mountains and glacial parks in the south.",,NA,NA,NA,NA,NA,NA,NA,NA,NA,NA,NA,NA,NA,NA,NA,NA,NA,NA,NA,NA,NA,NA,NA,NA,Argentina
0,American_Samoa,,American Samoa,American_Samoa,country,"Known for natural attractions. Recommended places to visit are Pago Pago, Tutuila and Fagatogo.",,NA,NA,NA,NA,NA,NA,NA,NA,NA,NA,NA,NA,NA,NA,NA,NA,NA,NA,NA,NA,NA,NA,NA,NA,American Samoa
0,Austria,,Austria,Austria,country,"Forget ""the sound of music"" (few Austrians have ever actually heard of it), this country has much more to offer than breathtaking alpine panoramas - the cosmopolitan city of Vienna has a unique charm and Vienna coffee houses were both the start of many a story and the place where they were written.",,-9.05,-2.0,-8.7,-1.45,-6.1,1.3,-2.85,4.7,1.3,9.4,4.45,13.9,6.45,14.75,6.3,13.3,4.45,12.35,0.55,8.0,-4.05,2.1,-7.5,-1.15,Austria
0,Australia,,Australia,Australia,country,"The largest and most populous country in Oceania, often considered a continent by itself.",,NA,NA,NA,NA,NA,NA,NA,NA,NA,NA,NA,NA,NA,NA,NA,NA,NA,NA,NA,NA,NA,NA,NA,NA,Australia
0,Aruba,,Aruba,Aruba,country,"Known for lunch. Recommended places to visit are Aruba Natural Bridge, California Lighthouse and Alto Vista Chapel.",,24.5,30.0,24.7,30.4,25.0,30.9,25.8,31.5,26.5,32.0,26.7,32.2,26.4,32.0,26.8,32.6,26.9,32.7,26.4,32.1,25.8,31.3,25.0,30.4,Aruba
0,Azerbaijan,,Azerbaijan,Azerbaijan,country,"The richest state of the Caucasus, its capital awash in oil wealth and international business, wonderful old palaces of the Shirvan Shahs in Baku and Sheki, Zoroastrian fire temples, barren landscapes—oil and salt spreading across the surface, and world-class hikes in the lush, heavily forested, mountainous north and south.",,NA,NA,NA,NA,NA,NA,NA,NA,NA,NA,NA,NA,NA,NA,NA,NA,NA,NA,NA,NA,NA,NA,NA,NA,Azerbaijan
0,Bosnia_and_Herzegovina,,Bosnia and Herzegovina,Bosnia_and_Herzegovina,country,"A political hotbed, but also an impressive mix of cultures with beautiful historic cities.",,NA,NA,NA,NA,NA,NA,NA,NA,NA,NA,NA,NA,NA,NA,NA,NA,NA,NA,NA,NA,NA,NA,NA,NA,Bosnia and Herzegovina
0,Barbados,,Barbados,Barbados,country,"Known for lunch. Recommended places to visit are Harrison's Cave, Bridgetown and Morgan Lewis Windmill.",,NA,NA,NA,NA,NA,NA,NA,NA,NA,NA,NA,NA,NA,NA,NA,NA,NA,NA,NA,NA,NA,NA,NA,NA,Barbados
0,Bangladesh,,Bangladesh,Bangladesh,country,Home of beautiful mangroves and the world's longest beach.,,NA,NA,NA,NA,NA,NA,NA,NA,NA,NA,NA,NA,NA,NA,NA,NA,NA,NA,NA,NA,NA,NA,NA,NA,Bangladesh
0,Belgium,,Belgium,Belgium,country,"The battlefield for World War I, this picturesque country is known for its culinary specialties and hosts many important institutions of the European Union.",,NA,NA,NA,NA,NA,NA,NA,NA,NA,NA,NA,NA,NA,NA,NA,NA,NA,NA,NA,NA,NA,NA,NA,NA,Belgium
0,Burkina_Faso,,Burkina Faso,Burkina_Faso,country,Landlocked country that is very off the beaten path for visitors.,,NA,NA,NA,NA,NA,NA,NA,NA,NA,NA,NA,NA,NA,NA,NA,NA,NA,NA,NA,NA,NA,NA,NA,NA,Burkina Faso
0,Bulgaria,,Bulgaria,Bulgaria,country,"A melting pot of East and West, with beautiful beaches.",,NA,NA,NA,NA,NA,NA,NA,NA,NA,NA,NA,NA,NA,NA,NA,NA,NA,NA,NA,NA,NA,NA,NA,NA,Bulgaria
0,Bahrain,,Bahrain,Bahrain,country,"This island state, the smallest of the Gulf emirates, is known in the region as the playground for visitors from its more conservative neighbors.",,14.1,20.0,14.9,21.2,17.8,24.7,21.5,29.2,26.0,34.1,28.8,36.4,30.4,37.9,30.5,38.0,28.6,36.5,25.5,33.1,21.2,27.8,16.2,22.3,Bahrain
0,Burundi,,Burundi,Burundi,country,On the shores of Lake Tanganyika; largely deforested and has precious little to interest the visitor.,,NA,NA,NA,NA,NA,NA,NA,NA,NA,NA,NA,NA,NA,NA,NA,NA,NA,NA,NA,NA,NA,NA,NA,NA,Burundi
0,Benin,,Benin,Benin,country,A safe and relatively easy country for travellers to visit; birthplace of the Voodoo religion and former home of the Kingdom of Dahomey.,,NA,NA,NA,NA,NA,NA,NA,NA,NA,NA,NA,NA,NA,NA,NA,NA,NA,NA,NA,NA,NA,NA,NA,NA,Benin
0,Bermuda,,Bermuda,Bermuda,country,"Small and wealthy British overseas territory in the Atlantic, known for a type of shorts and the supposedly mysterious triangle.",,15.7777777777778,20.7222222222222,15.3888888888889,20.3888888888889,15.7777777777778,20.7777777777778,17.2222222222222,22.2222222222222,19.7777777777778,24.6111111111111,22.7777777777778,27.5,24.8888888888889,29.7222222222222,25.1111111111111,30.1111111111111,24.2777777777778,29.1111111111111,22.1111111111111,26.7222222222222,19.2777777777778,23.8888888888889,17.2222222222222,21.7222222222222,Bermuda
0,Brunei,,Brunei,Brunei,country,"A tiny, oil-rich sultanate in Borneo, little visited but full of tranquil mosques and cultural sites not yet commodified by mass tourism.",,NA,NA,NA,NA,NA,NA,NA,NA,NA,NA,NA,NA,NA,NA,NA,NA,NA,NA,NA,NA,NA,NA,NA,NA,Brunei
0,Bolivia,,Bolivia,Bolivia,country,"This landlocked country is arguably the only one in Latin America with an ethnic majority of indigenous people, and a culture that is much affected by the high altitude of the Andes.",,NA,NA,NA,NA,NA,NA,NA,NA,NA,NA,NA,NA,NA,NA,NA,NA,NA,NA,NA,NA,NA,NA,NA,NA,Bolivia
0,Brazil,,Brazil,Brazil,country,"South America's only Portuguese-speaking country is also its biggest, offering the Amazon rainforest along with vibrant cities such as Rio de Janeiro.",,NA,NA,NA,NA,NA,NA,NA,NA,NA,NA,NA,NA,NA,NA,NA,NA,NA,NA,NA,NA,NA,NA,NA,NA,Brazil
0,The_Bahamas,,The Bahamas,The_Bahamas,country,Archipelago of islands and cays surrounded by coral reefs off the coasts of Florida.,,17.3,25.4,17.3,25.5,17.9,26.6,19.6,27.9,21.4,29.7,23.3,31.0,24.0,32.0,24.0,32.1,23.7,31.6,22.5,29.9,20.6,27.8,18.3,26.2,Bahamas
0,Bhutan,,Bhutan,Bhutan,country,A Buddhist-majority country influenced by the Tibetan culture and way of life.,,NA,NA,NA,NA,NA,NA,NA,NA,NA,NA,NA,NA,NA,NA,NA,NA,NA,NA,NA,NA,NA,NA,NA,NA,Bhutan
0,Botswana,,Botswana,Botswana,country,Famous for the rich wildlife of the Okavango Delta.,,NA,NA,NA,NA,NA,NA,NA,NA,NA,NA,NA,NA,NA,NA,NA,NA,NA,NA,NA,NA,NA,NA,NA,NA,Botswana
0,Belarus,,Belarus,Belarus,country,"Known for museums. Recommended places to visit are Minsk, Brest and Grodno.",,NA,NA,NA,NA,NA,NA,NA,NA,NA,NA,NA,NA,NA,NA,NA,NA,NA,NA,NA,NA,NA,NA,NA,NA,Belarus
0,Belize,,Belize,Belize,country,"The only Central American country without a Pacific coast line, and the only one where English is the official language.",,NA,NA,NA,NA,NA,NA,NA,NA,NA,NA,NA,NA,NA,NA,NA,NA,NA,NA,NA,NA,NA,NA,NA,NA,Belize
0,Canada,,Canada,Canada,country,"The Great White North certainly has vast expanses of unspoiled wilderness, but it also features some of the world's most modern, cosmopolitan cities.",,NA,NA,NA,NA,NA,NA,NA,NA,NA,NA,NA,NA,NA,NA,NA,NA,NA,NA,NA,NA,NA,NA,NA,NA,Canada
0,Democratic_Republic_of_the_Congo,,Democratic Republic of the Congo,Democratic_Republic_of_the_Congo,country,"Huge, blessed with incredible natural wealth and beauty, culturally diverse, and is extremely unstable and dangerous.",,NA,NA,NA,NA,NA,NA,NA,NA,NA,NA,NA,NA,NA,NA,NA,NA,NA,NA,NA,NA,NA,NA,NA,NA,Democratic Republic of the Congo
0,Central_African_Republic,,Central African Republic,Central_African_Republic,country,"Dense jungle in the south and semi arid in the Sahelian north, this very unstable country is very much off the radar for visitors.",,NA,NA,NA,NA,NA,NA,NA,NA,NA,NA,NA,NA,NA,NA,NA,NA,NA,NA,NA,NA,NA,NA,NA,NA,Central African Republic
0,Republic_of_the_Congo,,Republic of the Congo,Republic_of_the_Congo,country,"Huge tracts of forest with a small population mean great potential for eco-tourism, but the country has not fully recovered from a terrible war in the 1990s.",,NA,NA,NA,NA,NA,NA,NA,NA,NA,NA,NA,NA,NA,NA,NA,NA,NA,NA,NA,NA,NA,NA,NA,NA,Republic of the Congo
0,Switzerland,,Switzerland,Switzerland,country,"With four official languages and strong regional identities in over two dozen cantons, Switzerland is one of the most diverse countries in Europe.",,NA,NA,NA,NA,NA,NA,NA,NA,NA,NA,NA,NA,NA,NA,NA,NA,NA,NA,NA,NA,NA,NA,NA,NA,Switzerland
0,Ivory_Coast,,Ivory Coast,Ivory_Coast,country,"Formerly something of a jewel in the West African crown, this nation has taken huge steps backwards due to recent political driven conflict.",,NA,NA,NA,NA,NA,NA,NA,NA,NA,NA,NA,NA,NA,NA,NA,NA,NA,NA,NA,NA,NA,NA,NA,NA,Ivory Coast
0,Cook_Islands,,Cook Islands,Cook_Islands,country,"Fifteen islands spread out over an Exclusive Economic Zone of 2,200,000 square kilometres.",,NA,NA,NA,NA,NA,NA,NA,NA,NA,NA,NA,NA,NA,NA,NA,NA,NA,NA,NA,NA,NA,NA,NA,NA,Cook Islands
0,Chile,,Chile,Chile,country,"A long, thin sliver of land on the western side of the Andes which stands out on any map, this country contains big parts of the Atacama, one of the driest deserts in the world.",,NA,NA,NA,NA,NA,NA,NA,NA,NA,NA,NA,NA,NA,NA,NA,NA,NA,NA,NA,NA,NA,NA,NA,NA,Chile
0,Cameroon,,Cameroon,Cameroon,country,"Sometimes referred to as Africa in Miniature, the terrain includes rain forest, desert plains, mountains and high plateau.",,NA,NA,NA,NA,NA,NA,NA,NA,NA,NA,NA,NA,NA,NA,NA,NA,NA,NA,NA,NA,NA,NA,NA,NA,Cameroon
0,China,,China,China,country,"The world's most populous country and one of the oldest civilizations, with a vast array of cultural and natural treasures among the frenzied development.",,NA,NA,NA,NA,NA,NA,NA,NA,NA,NA,NA,NA,NA,NA,NA,NA,NA,NA,NA,NA,NA,NA,NA,NA,China
0,Colombia,,Colombia,Colombia,country,"After decades of violence, Colombia is now a much safer destination, offering coffee, jungles, volcanoes and two coastlines with a strong Caribbean feel.",,NA,NA,NA,NA,NA,NA,NA,NA,NA,NA,NA,NA,NA,NA,NA,NA,NA,NA,NA,NA,NA,NA,NA,NA,Colombia
0,Costa_Rica,,Costa Rica,Costa_Rica,country,"Costa Ricans like to call their country ""the Switzerland of Latin America"" and indeed it does have mountainous terrain, political neutrality and relative wealth to back up that statement.",,NA,NA,NA,NA,NA,NA,NA,NA,NA,NA,NA,NA,NA,NA,NA,NA,NA,NA,NA,NA,NA,NA,NA,NA,Costa Rica
0,Cuba,,Cuba,Cuba,country,"The largest Caribbean island-nation, marked by decades of socialist government.",,NA,NA,NA,NA,NA,NA,NA,NA,NA,NA,NA,NA,NA,NA,NA,NA,NA,NA,NA,NA,NA,NA,NA,NA,Cuba
0,Cape_Verde,,Cape Verde,Cape_Verde,country,Tiny Atlantic island group off the coast of Senegal with wonderful beaches.,,19.7,26.1,19.2,26.2,19.4,27.4,20.2,27.7,21.1,28.9,21.9,29.4,23.3,29.7,24.3,30.6,24.4,30.5,24.1,30.7,22.8,29.4,21.4,27.6,Cape Verde
0,Cyprus,,Cyprus,Cyprus,country,"Known for lunch. Recommended places to visit are Paphos, Limassol and Nicosia.",,NA,NA,NA,NA,NA,NA,NA,NA,NA,NA,NA,NA,NA,NA,NA,NA,NA,NA,NA,NA,NA,NA,NA,NA,Cyprus
0,Czech_Republic,,Czech Republic,Czech_Republic,country,This country is much more than the home of Kafka fairytale forests and beautiful mountains are a nice addition to the charming cities that survived both wars and communism and the hearty and filling cuisine is just more reason to stay.,,NA,NA,NA,NA,NA,NA,NA,NA,NA,NA,NA,NA,NA,NA,NA,NA,NA,NA,NA,NA,NA,NA,NA,NA,Czech Republic
0,Germany,,Germany,Germany,country,"Both the most populous and the most economically powerful country in the region, Germany is an incredibly diverse nation that offers everything from skiing in the Alps to sunbathing on the coasts, old towns dating back to the Roman Empire and ultramodern architecture in cities like Frankfurt.",,NA,NA,NA,NA,NA,NA,NA,NA,NA,NA,NA,NA,NA,NA,NA,NA,NA,NA,NA,NA,NA,NA,NA,NA,Germany
0,Djibouti,,Djibouti,Djibouti,country,Small country across the Gulf of Aden from Yemen and largely Somali in nature.,,NA,NA,NA,NA,NA,NA,NA,NA,NA,NA,NA,NA,NA,NA,NA,NA,NA,NA,NA,NA,NA,NA,NA,NA,Djibouti
0,Denmark,,Denmark,Denmark,country,"The smallest Nordic country features hundreds of islands, rolling farmland, endless beaches and a more continental vibe.",,-0.8,3.3,-1.3,3.3,-0.2,6.1,3.6,11.5,7.4,15.5,10.6,18.5,13.4,21.6,13.5,21.2,10.2,17.5,6.2,12.3,3.2,7.9,-0.3,4.2,Denmark
0,Dominica,,Dominica,Dominica,country,"Known for natural attractions. Recommended places to visit are Roseau, Morne Diablotins and Morne Trois Pitons National Park.",,NA,NA,NA,NA,NA,NA,NA,NA,NA,NA,NA,NA,NA,NA,NA,NA,NA,NA,NA,NA,NA,NA,NA,NA,Dominica
0,Dominican_Republic,,Dominican Republic,Dominican_Republic,country,A fast-growing economy with some of the oldest colonial cities in the hemisphere.,,NA,NA,NA,NA,NA,NA,NA,NA,NA,NA,NA,NA,NA,NA,NA,NA,NA,NA,NA,NA,NA,NA,NA,NA,Dominican Republic
0,Algeria,,Algeria,Algeria,country,The largest country in Africa.,,NA,NA,NA,NA,NA,NA,NA,NA,NA,NA,NA,NA,NA,NA,NA,NA,NA,NA,NA,NA,NA,NA,NA,NA,Algeria
0,Ecuador,,Ecuador,Ecuador,country,"Straddling the Equator, this small country offers incredible diversity across its four regions: the Amazon Rainforest, the Andes, the Pacific Coast and the unique Galapagos Islands.",,NA,NA,NA,NA,NA,NA,NA,NA,NA,NA,NA,NA,NA,NA,NA,NA,NA,NA,NA,NA,NA,NA,NA,NA,Ecuador
0,Estonia,,Estonia,Estonia,country,"The most Nordic of the three Baltic countries, with linguistic connections to Finland, a long coastline, many islands and vast forests.",,NA,NA,NA,NA,NA,NA,NA,NA,NA,NA,NA,NA,NA,NA,NA,NA,NA,NA,NA,NA,NA,NA,NA,NA,Estonia
0,Egypt,,Egypt,Egypt,country,"Home to some of the world's greatest ancient civilizations, Egypt is famous for its outstanding archaeological sites, among them the pyramids, one of which is the only remaining wonder of the ancient world.",,NA,NA,NA,NA,NA,NA,NA,NA,NA,NA,NA,NA,NA,NA,NA,NA,NA,NA,NA,NA,NA,NA,NA,NA,Egypt
0,Eritrea,,Eritrea,Eritrea,country,This relatively small nation has heavy Arab and Sub-Saharan African influences.,,17.8,27.3,17.3,28.3,18.3,29.8,21.0,32.3,23.3,33.3,24.4,33.0,24.4,32.0,24.5,31.5,23.3,32.3,22.3,31.8,20.0,30.0,18.3,28.3,Eritrea
0,Spain,,Spain,Spain,country,"This country is one of Europe's best loved destinations for holidays and living : the culture, nightlife, beaches and history all give human beauty to a country that has so much natural beauty.",,NA,NA,NA,NA,NA,NA,NA,NA,NA,NA,NA,NA,NA,NA,NA,NA,NA,NA,NA,NA,NA,NA,NA,NA,Spain
0,Ethiopia,,Ethiopia,Ethiopia,country,"Africa's second largest population; one of the world's oldest Christian countries, home to castles, beautiful monasteries, and wonderful food.",,NA,NA,NA,NA,NA,NA,NA,NA,NA,NA,NA,NA,NA,NA,NA,NA,NA,NA,NA,NA,NA,NA,NA,NA,Ethiopia
0,Finland,,Finland,Finland,country,A hundred thousand islands and lakes to explore in this bridge to the east.,,NA,NA,NA,NA,NA,NA,NA,NA,NA,NA,NA,NA,NA,NA,NA,NA,NA,NA,NA,NA,NA,NA,NA,NA,Finland
0,Fiji,,Fiji,Fiji,country,"Known for natural attractions. Recommended places to visit are Matagi Island, Mount Tomanivi and Suva.",,NA,NA,NA,NA,NA,NA,NA,NA,NA,NA,NA,NA,NA,NA,NA,NA,NA,NA,NA,NA,NA,NA,NA,NA,Fiji
0,Faroe_Islands,,Faroe Islands,Faroe_Islands,country,An autonomous territory of Denmark in the Atlantic Ocean with a very distinct culture and sense of national identity.,,1.7,5.8,1.3,5.6,1.7,6.0,3.0,7.3,5.1,9.2,7.1,11.1,9.0,12.8,9.2,13.1,7.6,11.5,5.4,9.3,3.4,7.2,2.1,6.2,Faroe Islands
0,France,,France,France,country,"France receives more tourists than any other country in the world, and is the largest European Union country by land area.",,NA,NA,NA,NA,NA,NA,NA,NA,NA,NA,NA,NA,NA,NA,NA,NA,NA,NA,NA,NA,NA,NA,NA,NA,France
0,Gabon,,Gabon,Gabon,country,Has escaped the strife afflicting other Central African states; rich in oil and mineral reserves and a high biodiversity.,,NA,NA,NA,NA,NA,NA,NA,NA,NA,NA,NA,NA,NA,NA,NA,NA,NA,NA,NA,NA,NA,NA,NA,NA,Gabon
0,United_Kingdom,,United Kingdom,United_Kingdom,country,"From the rolling hills of England, to the deep valleys of Wales, the beautiful glens of Scotland to the wild coastline of Northern Ireland, the former heart of the world's largest empire remains just as magnificent as it was when it ruled the waves, with unmatched history dating to before the Roman conquest and diverse cities offering a seemingly limitless amount of opportunity.",,NA,NA,NA,NA,NA,NA,NA,NA,NA,NA,NA,NA,NA,NA,NA,NA,NA,NA,NA,NA,NA,NA,NA,NA,United Kingdom
0,Grenada,,Grenada,Grenada,country,"Known for natural attractions. Recommended places to visit are Grand Etang Lake, Mount Saint Catherine and St. George's.",,NA,NA,NA,NA,NA,NA,NA,NA,NA,NA,NA,NA,NA,NA,NA,NA,NA,NA,NA,NA,NA,NA,NA,NA,Grenada
0,French_Guiana,,French Guiana,French_Guiana,country,The French part of South America is also part of the European Union and the launchpad of Europe's main spaceport.,,23.0,27.0,23.0,28.0,23.0,28.0,23.0,28.0,23.0,28.0,23.0,28.0,23.0,29.0,22.0,30.0,22.0,31.0,22.0,30.0,22.0,30.0,23.0,28.0,French Guiana
0,Guernsey,Bailiwick_of_Guernsey,Guernsey,Bailiwick_of_Guernsey,island,"Known for lunch. Recommended places to visit are Castle Cornet, Fort Grey and Hauteville House.",,5.0,8.7,4.6,8.4,5.6,10.0,6.6,11.8,9.2,14.9,11.5,17.5,13.6,19.5,14.1,19.8,12.9,18.0,10.8,15.1,8.1,11.8,6.0,9.5,Guernsey
0,Ghana,,Ghana,Ghana,country,"So-called ""Africa for Beginners""—West Africa's richest, most-English speaking country, with highly varied landscapes, a few off-the-beaten-path beach getaways, and the solemn, imposing slave castles of the coast west of Accra.",,24.5,30.1,25.8,31.2,26.2,31.6,26.2,31.0,25.4,30.0,24.6,28.3,23.5,27.1,23.2,26.8,23.6,27.4,24.2,28.6,24.3,30.0,24.1,29.5,Ghana
0,Gibraltar,wv__South_East_England,Gibraltar,United_Kingdom,city,Britain's stronghold on the Spanish coast since before the days of Napoleon.,,10.8,16.3,11.4,16.8,12.6,18.5,13.4,20.0,15.6,22.4,18.2,25.6,20.2,28.2,20.8,28.4,19.6,26.1,17.0,22.6,14.0,19.2,12.1,17.0,Gibraltar
0,Greenland,,Greenland,Greenland,country,"A self-governing country that is part of the Kingdom of Denmark, Greenland is a vast island of stark landscapes and midnight sun.",,NA,NA,NA,NA,NA,NA,NA,NA,NA,NA,NA,NA,NA,NA,NA,NA,NA,NA,NA,NA,NA,NA,NA,NA,Greenland
0,Guinea,,Guinea,Guinea,country,"Some great hill scenery (the Switzerland of Africa), major rainforests and Atlantic beaches, ravaged by decades of political turmoil and lawlessness.",,NA,NA,NA,NA,NA,NA,NA,NA,NA,NA,NA,NA,NA,NA,NA,NA,NA,NA,NA,NA,NA,NA,NA,NA,Guinea
0,Guadeloupe,,Guadeloupe,Guadeloupe,country,"Known for natural attractions. Recommended places to visit are Notre Dame de l'Assomption, FORT Napoleon and Jardin Botanique de Deshaies.",,19.9,29.1,19.9,29.1,20.4,29.4,21.7,30.1,23.1,30.7,23.8,31.3,23.8,31.5,23.7,31.6,23.3,31.5,22.9,31.2,22.1,30.5,20.9,29.6,Guadeloupe
0,Equatorial_Guinea,,Equatorial Guinea,Equatorial_Guinea,country,"Perhaps one of the continent's most corrupt countries, where massive oil wealth is confiscated by a thuggish government, it is not a terribly safe place to travel, but it has great beaches, laid-back beach bars, and locals speak Spanish.",,NA,NA,NA,NA,NA,NA,NA,NA,NA,NA,NA,NA,NA,NA,NA,NA,NA,NA,NA,NA,NA,NA,NA,NA,Equatorial Guinea
0,Greece,,Greece,Greece,country,"Known for lunch. Recommended places to visit are Athens, Thessaloniki and Corfu.",,NA,NA,NA,NA,NA,NA,NA,NA,NA,NA,NA,NA,NA,NA,NA,NA,NA,NA,NA,NA,NA,NA,NA,NA,Greece
0,Guatemala,,Guatemala,Guatemala,country,One of the centers of Mayan culture and civilization and still blessed with many Mayan sites.,,NA,NA,NA,NA,NA,NA,NA,NA,NA,NA,NA,NA,NA,NA,NA,NA,NA,NA,NA,NA,NA,NA,NA,NA,Guatemala
0,Guam,,Guam,Guam,country,"Known for lunch. Recommended places to visit are Plaza de España, Dulce Nombre de Maria Cathedral Basilica and Fort Santa Agueda.",,24.1666666666667,29.3888888888889,23.8888888888889,29.3888888888889,24.2222222222222,29.8888888888889,24.7222222222222,30.7222222222222,25.1111111111111,31.0555555555556,25.2222222222222,31.0555555555556,24.7777777777778,30.6111111111111,24.6111111111111,30.2777777777778,24.5555555555556,30.3888888888889,24.7222222222222,30.4444444444444,25.1111111111111,30.2777777777778,24.8888888888889,29.7777777777778,Guam
0,Guinea-Bissau,,Guinea-Bissau,Guinea-Bissau,country,A former Portuguese colony which has been through lots of struggle since independence and is little visited by travellers.,,NA,NA,NA,NA,NA,NA,NA,NA,NA,NA,NA,NA,NA,NA,NA,NA,NA,NA,NA,NA,NA,NA,NA,NA,Guinea-Bissau
0,Guyana,,Guyana,Guyana,country,"The only English-speaking country on mainland South America, featuring highlands, waterfalls and rainforest.",,NA,NA,NA,NA,NA,NA,NA,NA,NA,NA,NA,NA,NA,NA,NA,NA,NA,NA,NA,NA,NA,NA,NA,NA,Guyana
0,wv__Hong_Kong,China,Hong Kong,China,city,This former British colony markets itself as Asia's World City.,,NA,NA,NA,NA,NA,NA,NA,NA,NA,NA,NA,NA,NA,NA,NA,NA,NA,NA,NA,NA,NA,NA,NA,NA,Hong Kong
0,Honduras,,Honduras,Honduras,country,"A long Caribbean coastline graced with beaches and coral reefs, and a mountainous inland home to Mayan ruins and colonial hill towns.",,NA,NA,NA,NA,NA,NA,NA,NA,NA,NA,NA,NA,NA,NA,NA,NA,NA,NA,NA,NA,NA,NA,NA,NA,Honduras
0,Croatia,,Croatia,Croatia,country,"Croatia has renowned natural beauty, long coastlines, party islands, lots of sun hours and its Venetian history make it one of the Mediterranean's top travel destinations.",,NA,NA,NA,NA,NA,NA,NA,NA,NA,NA,NA,NA,NA,NA,NA,NA,NA,NA,NA,NA,NA,NA,NA,NA,Croatia
0,Haiti,,Haiti,Haiti,country,Founded by former slaves who won their freedom and then independence against the might of revolutionary and Napoleonic France.,,NA,NA,NA,NA,NA,NA,NA,NA,NA,NA,NA,NA,NA,NA,NA,NA,NA,NA,NA,NA,NA,NA,NA,NA,Haiti
0,Hungary,,Hungary,Hungary,country,"A favorite with Easterners during the Cold War, Hungary today is among the often overlooked gems of Central Europe. Don't make that mistake.",,NA,NA,NA,NA,NA,NA,NA,NA,NA,NA,NA,NA,NA,NA,NA,NA,NA,NA,NA,NA,NA,NA,NA,NA,Hungary
0,Indonesia,,Indonesia,Indonesia,country,"The world's largest archipelago nation with over 16,000 islands and the largest Muslim-majority country in the world, but also nominally secular and deeply influenced by Hindu and Buddhist culture.",,NA,NA,NA,NA,NA,NA,NA,NA,NA,NA,NA,NA,NA,NA,NA,NA,NA,NA,NA,NA,NA,NA,NA,NA,Indonesia
0,Republic_of_Ireland,,Republic of Ireland,Republic_of_Ireland,country,"Ireland is often called the 'Emerald Isle'. It boasts an expansive and fascinating history, with a landscape that never ceases to astound.",,NA,NA,NA,NA,NA,NA,NA,NA,NA,NA,NA,NA,NA,NA,NA,NA,NA,NA,NA,NA,NA,NA,NA,NA,Ireland
0,Israel,,Israel,Israel,country,"The birthplace of both Judaism and Christianity, with numerous holy sites for Muslims, Druze and Baha'is as well, in addition to places of cultural, historical and prehistoric significance.",,NA,NA,NA,NA,NA,NA,NA,NA,NA,NA,NA,NA,NA,NA,NA,NA,NA,NA,NA,NA,NA,NA,NA,NA,Israel
0,Isle_of_Man,,Isle of Man,Isle_of_Man,country,"A small island between Great Britain and Ireland in the Irish Sea, with its own Celtic language and customs.",,3.9,8.2,3.4,7.9,4.4,9.2,5.4,11.1,7.7,14.1,10.2,16.3,12.2,18.1,12.4,18.1,11.1,16.3,8.9,13.6,6.3,10.9,4.5,8.9,Isle of Man
0,India,,India,India,country,"A country of ancient and rich cultural heritage with the Himalayan Mountains in the north, Thar Desert in the west and the Indian Ocean in the south.",,NA,NA,NA,NA,NA,NA,NA,NA,NA,NA,NA,NA,NA,NA,NA,NA,NA,NA,NA,NA,NA,NA,NA,NA,India
0,Iraq,,Iraq,Iraq,country,"This cradle of civilization is too dangerous for leisure travel, though more intrepid travellers may find Iraqi Kurdistan a congenial place for a visit.",,NA,NA,NA,NA,NA,NA,NA,NA,NA,NA,NA,NA,NA,NA,NA,NA,NA,NA,NA,NA,NA,NA,NA,NA,Iraq
0,Iran,,Iran,Iran,country,"A country full of historic places, a variety of attractions, and ecosystems that range from deserts in the central and southern parts to beautiful humid forests in the north near the Caspian Sea.",,NA,NA,NA,NA,NA,NA,NA,NA,NA,NA,NA,NA,NA,NA,NA,NA,NA,NA,NA,NA,NA,NA,NA,NA,Iran
0,Iceland,,Iceland,Iceland,country,"Spectacular scenery of volcanoes, glaciers, geysers, and waterfalls on this North Atlantic island.",,-4.25,1.4,-3.4,2.25,-3.1,2.65,-0.55,5.55,2.95,9.45,6.35,12.45,7.9,13.9,7.5,13.45,4.25,10.0,1.3,6.35,-2.4,3.0,-3.95,1.75,Iceland
0,Italy,,Italy,Italy,country,"The boot-shaped Italian peninsula was the cradle of both the Roman Empire and the Renaissance, and has attracted tourists from afar since before the country was unified in 1870.",,NA,NA,NA,NA,NA,NA,NA,NA,NA,NA,NA,NA,NA,NA,NA,NA,NA,NA,NA,NA,NA,NA,NA,NA,Italy
0,Jersey,,Jersey,Jersey,country,"The largest and most developed of the islands, with the most to do.",,4.3,8.3,3.8,8.4,5.3,10.4,6.5,12.5,9.3,15.8,11.8,18.4,13.9,20.4,14.3,20.6,12.9,18.7,10.6,15.4,7.5,11.7,5.0,9.2,Jersey
0,Jamaica,,Jamaica,Jamaica,country,"An island of tall mountains, birthplace of reggae and a Commonwealth Realm.",,NA,NA,NA,NA,NA,NA,NA,NA,NA,NA,NA,NA,NA,NA,NA,NA,NA,NA,NA,NA,NA,NA,NA,NA,Jamaica
0,Jordan,,Jordan,Jordan,country,"This country, with its vast deserts, also includes fertile land along the East Bank of the Jordan River and its tributaries, such as the Yarmouk, and contains rich archaeological remains, especially in Jerash and Petra, which is one of the new seven wonders of the world; and the extremely salty Dead Sea.",,NA,NA,NA,NA,NA,NA,NA,NA,NA,NA,NA,NA,NA,NA,NA,NA,NA,NA,NA,NA,NA,NA,NA,NA,Jordan
0,Japan,,Japan,Japan,country,"Isolated until the 19th century, Japan is today the world's third largest economy with both technology and tradition to offer.",,NA,NA,NA,NA,NA,NA,NA,NA,NA,NA,NA,NA,NA,NA,NA,NA,NA,NA,NA,NA,NA,NA,NA,NA,Japan
0,Kenya,,Kenya,Kenya,country,"Known for its world-class safaris, beautiful beaches and rich history.",,NA,NA,NA,NA,NA,NA,NA,NA,NA,NA,NA,NA,NA,NA,NA,NA,NA,NA,NA,NA,NA,NA,NA,NA,Kenya
0,Kyrgyzstan,,Kyrgyzstan,Kyrgyzstan,country,"A truly beautiful country high in the mountains, and with the exception of the admittedly fascinating but unsafe Ferghana Valley, Central Asia's easiest and perhaps most pleasant place to visit.",,NA,NA,NA,NA,NA,NA,NA,NA,NA,NA,NA,NA,NA,NA,NA,NA,NA,NA,NA,NA,NA,NA,NA,NA,Kyrgyzstan
0,Cambodia,,Cambodia,Cambodia,country,"Home of the ancient city of Angkor and other remains of the once-powerful Khmer empire, is still recovering from decades of war.",,NA,NA,NA,NA,NA,NA,NA,NA,NA,NA,NA,NA,NA,NA,NA,NA,NA,NA,NA,NA,NA,NA,NA,NA,Cambodia
0,Kiribati,,Kiribati,Kiribati,country,"The eastern two thirds of this sprawling island nation fall within the scope of Polynesia. Remote and poor, the sun rises first here every day.",,24.5,31.3333333333333,25.0,31.2777777777778,25.2777777777778,31.2777777777778,25.3888888888889,31.4444444444444,25.6666666666667,31.3888888888889,25.5,31.5,25.6111111111111,31.6111111111111,25.6666666666667,31.5555555555556,25.7222222222222,31.4444444444444,25.5,31.7777777777778,25.3888888888889,31.7222222222222,25.1111111111111,31.5,Kiribati
0,Comoros,,Comoros,Comoros,country,A small island group in the Mozambique Channel and an historic crossroad of cultures.,,NA,NA,NA,NA,NA,NA,NA,NA,NA,NA,NA,NA,NA,NA,NA,NA,NA,NA,NA,NA,NA,NA,NA,NA,Comoros
0,Saint_Kitts_and_Nevis,,Saint Kitts and Nevis,Saint_Kitts_and_Nevis,country,"Known for dinner. Recommended places to visit are Saint Kitts, Basseterre and Nevis.",,NA,NA,NA,NA,NA,NA,NA,NA,NA,NA,NA,NA,NA,NA,NA,NA,NA,NA,NA,NA,NA,NA,NA,NA,Saint Kitts and Nevis
0,North_Korea,,North Korea,North_Korea,country,The world's most secret society and last remaining outpost of the Cold War.,,NA,NA,NA,NA,NA,NA,NA,NA,NA,NA,NA,NA,NA,NA,NA,NA,NA,NA,NA,NA,NA,NA,NA,NA,North Korea
0,South_Korea,,South Korea,South_Korea,country,A hotspot of innovation and pop culture and in many ways the opposite of its northern neighbor.,,NA,NA,NA,NA,NA,NA,NA,NA,NA,NA,NA,NA,NA,NA,NA,NA,NA,NA,NA,NA,NA,NA,NA,NA,South Korea
0,Kuwait,,Kuwait,Kuwait,country,"Probably best known internationally for its brief occupation by Iraq and role in the 1990-1991 Gulf War, Kuwait is an oil-rich emirate that is a destination for laborers and businessmen, generally not for tourists.",,9.0,21.0,12.0,23.0,16.0,27.0,21.0,33.0,27.0,40.0,30.0,45.0,32.0,47.0,30.0,46.0,27.0,44.0,23.0,39.0,17.0,28.0,12.0,24.0,Kuwait
0,Cayman_Islands,,Cayman Islands,Cayman_Islands,country,"Known for offshore banking, and a great diving destination.",,NA,NA,NA,NA,NA,NA,NA,NA,NA,NA,NA,NA,NA,NA,NA,NA,NA,NA,NA,NA,NA,NA,NA,NA,Cayman Islands
0,Kazakhstan,,Kazakhstan,Kazakhstan,country,"The world's largest landlocked nation is sparsely populated, dominated by archetypal Central Asian steppe, with deep reserves of fossil fuels, and pockets of beautiful wilderness for outdoors enthusiasts.",,NA,NA,NA,NA,NA,NA,NA,NA,NA,NA,NA,NA,NA,NA,NA,NA,NA,NA,NA,NA,NA,NA,NA,NA,Kazakhstan
0,Laos,,Laos,Laos,country,"The only landlocked country in the region and the most sparsely populated, mainly Buddhist Laos has stunning natural scenery and charming laid-back towns.",,NA,NA,NA,NA,NA,NA,NA,NA,NA,NA,NA,NA,NA,NA,NA,NA,NA,NA,NA,NA,NA,NA,NA,NA,Laos
0,Lebanon,,Lebanon,Lebanon,country,"This small country is diverse in culture, religion, politics and terrain. Beirut in particular has been known for the most part as a very liberal city.",,NA,NA,NA,NA,NA,NA,NA,NA,NA,NA,NA,NA,NA,NA,NA,NA,NA,NA,NA,NA,NA,NA,NA,NA,Lebanon
0,Saint_Lucia,,Saint Lucia,Saint_Lucia,country,"Known for natural attractions. Recommended places to visit are Qualibou, Pitons and Soufriere.",,23.0,29.0,23.0,29.0,24.0,29.0,24.0,30.0,25.0,31.0,25.0,31.0,25.0,31.0,25.0,31.0,25.0,31.0,25.0,31.0,24.0,30.0,24.0,29.0,Saint Lucia
0,Liechtenstein,,Liechtenstein,Liechtenstein,country,"While you might associate Liechtenstein with shady financial deals and strange politics, this tiny alpine principality by the Rhine is well worth a short stop.",,NA,NA,NA,NA,NA,NA,NA,NA,NA,NA,NA,NA,NA,NA,NA,NA,NA,NA,NA,NA,NA,NA,NA,NA,Liechtenstein
0,Sri_Lanka,,Sri Lanka,Sri_Lanka,country,"The pearl of the Orient, has a tropical climate and cultural influences from the rest of South Asia.",,NA,NA,NA,NA,NA,NA,NA,NA,NA,NA,NA,NA,NA,NA,NA,NA,NA,NA,NA,NA,NA,NA,NA,NA,Sri Lanka
0,Liberia,,Liberia,Liberia,country,"Settled by former African American slaves in the 19th Century, this country has been through murderous conflicts, and it is too dangerous to visit outside Monrovia.",,NA,NA,NA,NA,NA,NA,NA,NA,NA,NA,NA,NA,NA,NA,NA,NA,NA,NA,NA,NA,NA,NA,NA,NA,Liberia
0,Lesotho,,Lesotho,Lesotho,country,The Kingdom in the Sky.,,NA,NA,NA,NA,NA,NA,NA,NA,NA,NA,NA,NA,NA,NA,NA,NA,NA,NA,NA,NA,NA,NA,NA,NA,Lesotho
0,Lithuania,,Lithuania,Lithuania,country,"An expanding economic market, it has some of the best natural countryside in Europe, mainly hilly, with lowlands in the central region.",,-6.3,-1.7,-6.6,-1.3,-2.8,2.3,1.5,9.4,7.0,16.5,10.5,19.9,12.2,20.9,11.9,20.6,8.3,15.8,4.0,9.9,0.1,3.5,-3.7,-0.1,Lithuania
0,Luxembourg,,Luxembourg,Luxembourg,country,This small duchy once laid claims upon the entire Benelux region around 600 years ago.,,NA,NA,NA,NA,NA,NA,NA,NA,NA,NA,NA,NA,NA,NA,NA,NA,NA,NA,NA,NA,NA,NA,NA,NA,Luxembourg
0,Latvia,,Latvia,Latvia,country,"A mainly flat, predominately Protestant country, with a lot of Baltic-German and Nordic heritage, lots of woodlands, lakes and rivers.",,NA,NA,NA,NA,NA,NA,NA,NA,NA,NA,NA,NA,NA,NA,NA,NA,NA,NA,NA,NA,NA,NA,NA,NA,Latvia
0,Libya,,Libya,Libya,country,"Large open spaces with more than 90% of the country being desert or semidesert, with some Roman ruins along the coast, but sadly in the middle of a deadly civil war.",,NA,NA,NA,NA,NA,NA,NA,NA,NA,NA,NA,NA,NA,NA,NA,NA,NA,NA,NA,NA,NA,NA,NA,NA,Libya
0,Morocco,,Morocco,Morocco,country,Situated on both the North Atlantic Ocean and Mediterranean Sea.,,NA,NA,NA,NA,NA,NA,NA,NA,NA,NA,NA,NA,NA,NA,NA,NA,NA,NA,NA,NA,NA,NA,NA,NA,Morocco
0,Monaco,,Monaco,Monaco,city_state,"A principality on the French riviera, known for Formula One and gambling.",,7.4,13.0,7.4,13.0,9.1,14.9,10.9,16.7,14.6,20.4,18.0,23.7,21.0,26.6,21.4,26.9,18.3,24.0,15.2,20.6,11.2,16.5,8.5,13.9,Monaco
0,Moldova,,Moldova,Moldova,country,"A pastoral and multi-ethnic country, only considered Balkan due to its cultural ties with Romania.",,NA,NA,NA,NA,NA,NA,NA,NA,NA,NA,NA,NA,NA,NA,NA,NA,NA,NA,NA,NA,NA,NA,NA,NA,Moldova
0,Montenegro,,Montenegro,Montenegro,country,"The Bay of Kotor, the Budva Riviera, winter sports and natural scenery, Montenegro is one of the most traveller-friendly countries in the region.",,NA,NA,NA,NA,NA,NA,NA,NA,NA,NA,NA,NA,NA,NA,NA,NA,NA,NA,NA,NA,NA,NA,NA,NA,Montenegro
0,Saint_Martin,,Saint Martin,Saint_Martin,country,"Known for lunch. Recommended places to visit are Mary Star of the Sea Church, Philipsburg and Sandy Ground.",,23.2,28.6,23.1,28.7,23.5,29.2,24.1,29.8,25.1,30.4,25.2,31.3,26.1,31.6,26.2,31.7,26.0,31.6,25.7,31.2,24.9,30.2,23.9,29.2,Saint Martin
0,Madagascar,,Madagascar,Madagascar,country,Expect the unexpected in the land of the lemurs and the so-called eighth continent.,,NA,NA,NA,NA,NA,NA,NA,NA,NA,NA,NA,NA,NA,NA,NA,NA,NA,NA,NA,NA,NA,NA,NA,NA,Madagascar
0,Marshall_Islands,,Marshall Islands,Marshall_Islands,country,"A small, isolated atoll nation and home to the former US nuclear test site Bikini Atoll.",,NA,NA,NA,NA,NA,NA,NA,NA,NA,NA,NA,NA,NA,NA,NA,NA,NA,NA,NA,NA,NA,NA,NA,NA,Marshall Islands
0,Mali,,Mali,Mali,country,A country with a remarkable history and heritage; home to the ancient trade capitals and seats of learning of Djenné and Timbuktu.,,NA,NA,NA,NA,NA,NA,NA,NA,NA,NA,NA,NA,NA,NA,NA,NA,NA,NA,NA,NA,NA,NA,NA,NA,Mali
0,Myanmar,,Myanmar,Myanmar,country,"Ancient country with staggering ethnic diversity, whose history includes both an indigenous empire and being part of the British Empire, now emerging from isolation under a strict military junta and opening up to tourism.",,NA,NA,NA,NA,NA,NA,NA,NA,NA,NA,NA,NA,NA,NA,NA,NA,NA,NA,NA,NA,NA,NA,NA,NA,Myanmar
0,Mongolia,,Mongolia,Mongolia,country,A nomadic land of vast spaces and mystic Buddhism.,,NA,NA,NA,NA,NA,NA,NA,NA,NA,NA,NA,NA,NA,NA,NA,NA,NA,NA,NA,NA,NA,NA,NA,NA,Mongolia
0,wv__Macau,China,Macau,China,city,A former Portuguese colony with liberal gambling laws and beautiful colonial architecture in its UNESCO listed historical city centre.,,NA,NA,NA,NA,NA,NA,NA,NA,NA,NA,NA,NA,NA,NA,NA,NA,NA,NA,NA,NA,NA,NA,NA,NA,Macao
0,Northern_Mariana_Islands,,Northern Mariana Islands,Northern_Mariana_Islands,country,"Known for natural attractions. Recommended places to visit are Saipan, Tinian and Garapan.",,23.0,27.3333333333333,22.7222222222222,26.5,22.8333333333333,26.5555555555556,23.2777777777778,28.3888888888889,24.1666666666667,29.1111111111111,24.0555555555556,29.4444444444444,23.9444444444444,28.9444444444444,24.0,28.8888888888889,23.8888888888889,28.7777777777778,23.8333333333333,28.7222222222222,23.8888888888889,28.5,23.3888888888889,27.4444444444444,Northern Mariana Islands
0,Martinique,,Martinique,Martinique,country,"Known for beaches. Recommended places to visit are Co-Cathedral of Our Lady of Assumption, St. Louis Cathedral and Our Lady of the Assumption Church.",,NA,NA,NA,NA,NA,NA,NA,NA,NA,NA,NA,NA,NA,NA,NA,NA,NA,NA,NA,NA,NA,NA,NA,NA,Martinique
0,Mauritania,,Mauritania,Mauritania,country,Interest for the traveller here is primarily centred on the Saharan dune regions.,,NA,NA,NA,NA,NA,NA,NA,NA,NA,NA,NA,NA,NA,NA,NA,NA,NA,NA,NA,NA,NA,NA,NA,NA,Mauritania
0,Montserrat,,Montserrat,Montserrat,country,"Known for natural attractions. Recommended places to visit are Montserrat Volcano Observatory, National Museum of Montserrat and Chances Peak.",,NA,NA,NA,NA,NA,NA,NA,NA,NA,NA,NA,NA,NA,NA,NA,NA,NA,NA,NA,NA,NA,NA,NA,NA,Montserrat
0,Malta,,Malta,Malta,country,"A Mediterranean island nation, always at the crossroads of history.",,9.9,15.6,9.4,15.6,10.6,17.3,12.4,19.8,15.5,24.1,19.1,28.6,21.7,31.5,22.6,31.8,20.8,28.5,18.1,25.0,14.6,20.7,11.6,17.1,Malta
0,Mauritius,,Mauritius,Mauritius,country,An island with a population mainly descended from Indian indentured labourers.,,NA,NA,NA,NA,NA,NA,NA,NA,NA,NA,NA,NA,NA,NA,NA,NA,NA,NA,NA,NA,NA,NA,NA,NA,Mauritius
0,Maldives,,Maldives,Maldives,country,"Home to gorgeous beaches, with a culture influenced by India and the Middle East.",,25.7,30.3,25.9,30.7,26.4,31.4,26.8,31.6,26.3,31.2,26.0,30.6,25.8,30.5,25.5,30.4,25.3,30.2,25.4,30.2,25.2,30.1,25.4,30.1,Maldives
0,Malawi,,Malawi,Malawi,country,"The warm heart of Africa, around Lake Malawi.",,NA,NA,NA,NA,NA,NA,NA,NA,NA,NA,NA,NA,NA,NA,NA,NA,NA,NA,NA,NA,NA,NA,NA,NA,Malawi
0,Mexico,,Mexico,Mexico,country,"Mexico is a big tourist attraction for sun-seekers, naturalists, ecotourists and historians; the former flock to Mexico's tropical beaches, while the latter will find everything from Mayan ruins to Spanish colonial history.",,NA,NA,NA,NA,NA,NA,NA,NA,NA,NA,NA,NA,NA,NA,NA,NA,NA,NA,NA,NA,NA,NA,NA,NA,Mexico
0,Malaysia,,Malaysia,Malaysia,country,"Multicultural country (including Muslim Malays, mainly Buddhist Chinese, mainly Hindu Indians, and many Orang Asli aboriginal people, especially in Borneo) that ranges from skyscrapers in Kuala Lumpur to jungle-dwelling tribes in Borneo.",,NA,NA,NA,NA,NA,NA,NA,NA,NA,NA,NA,NA,NA,NA,NA,NA,NA,NA,NA,NA,NA,NA,NA,NA,Malaysia
0,Mozambique,,Mozambique,Mozambique,country,Relax on the stunningly beautiful beaches and reefs or get into the backcountry and do some exploring.,,NA,NA,NA,NA,NA,NA,NA,NA,NA,NA,NA,NA,NA,NA,NA,NA,NA,NA,NA,NA,NA,NA,NA,NA,Mozambique
0,Namibia,,Namibia,Namibia,country,Namibia produces some of the world's highest quality diamonds.,,NA,NA,NA,NA,NA,NA,NA,NA,NA,NA,NA,NA,NA,NA,NA,NA,NA,NA,NA,NA,NA,NA,NA,NA,Namibia
0,New_Caledonia,,New Caledonia,New_Caledonia,country,"Known for dinner. Recommended places to visit are Amédée Lighthouse, Nouméa and Yaté.",,NA,NA,NA,NA,NA,NA,NA,NA,NA,NA,NA,NA,NA,NA,NA,NA,NA,NA,NA,NA,NA,NA,NA,NA,New Caledonia
0,Niger,,Niger,Niger,country,Similar to neighbouring Mali and perhaps the most popular Sahelian country with travellers.,,NA,NA,NA,NA,NA,NA,NA,NA,NA,NA,NA,NA,NA,NA,NA,NA,NA,NA,NA,NA,NA,NA,NA,NA,Niger
0,Nigeria,,Nigeria,Nigeria,country,"A vast, dangerous, chaotic, overpopulated, and always fascinating country, with great wealth—little of it shared with its people.",,NA,NA,NA,NA,NA,NA,NA,NA,NA,NA,NA,NA,NA,NA,NA,NA,NA,NA,NA,NA,NA,NA,NA,NA,Nigeria
0,Nicaragua,,Nicaragua,Nicaragua,country,"Nicaraguans like to call their country the country of lakes and volcanoes and indeed, those are the two defining geographical features.",,NA,NA,NA,NA,NA,NA,NA,NA,NA,NA,NA,NA,NA,NA,NA,NA,NA,NA,NA,NA,NA,NA,NA,NA,Nicaragua
0,Netherlands,,Netherlands,Netherlands,country,A flat country that is constantly being changed by the seas.,,0.3,5.6,0.2,6.4,2.3,10.0,4.1,14.0,7.8,18.0,10.5,20.4,12.8,22.8,12.3,22.6,9.9,19.1,6.9,14.6,3.6,9.6,1.0,6.1,Netherlands
0,Norway,,Norway,Norway,country,"Famous for deep fjords, steep mountains, countless waterfalls, wooden churches, the Northern Lights and millennial maritime traditions.",,-7.43333333333333,-1.5,-7.16666666666667,-0.166666666666667,-3.93333333333333,4.33333333333333,0.266666666666667,9.46666666666667,4.8,15.3,8.8,19.5333333333333,11.0,21.0333333333333,10.0,19.4666666666667,6.76666666666667,14.7666666666667,3.23333333333333,9.36666666666667,-1.86666666666667,3.46666666666667,-6.16666666666667,-0.433333333333333,Norway
0,Nepal,,Nepal,Nepal,country,"Home to Mount Everest and birthplace of Buddha, popular with adventure tourists, and a place of many rare animals and pure hospitality.",,NA,NA,NA,NA,NA,NA,NA,NA,NA,NA,NA,NA,NA,NA,NA,NA,NA,NA,NA,NA,NA,NA,NA,NA,Nepal
0,Niue,,Niue,Niue,country,"The largest raised coral atoll in the world, halfway between Tonga and the Cook Islands.",,23.0,28.0,24.0,29.0,24.0,28.0,23.0,27.0,22.0,26.0,21.0,26.0,20.0,25.0,20.0,25.0,21.0,26.0,21.0,26.0,22.0,27.0,23.0,28.0,Niue
0,New_Zealand,,New Zealand,New_Zealand,country,"Although, like most countries, tiny in size compared to Australia, a major destination and widely regarded as one of the most pristine and beautiful countries on earth.",,NA,NA,NA,NA,NA,NA,NA,NA,NA,NA,NA,NA,NA,NA,NA,NA,NA,NA,NA,NA,NA,NA,NA,NA,New Zealand
0,Oman,,Oman,Oman,country,"A sultanate that's off the beaten path for most travellers, it is the only country that has a majority of Ibadi Muslims, and it is very rich in beautiful scenery.",,NA,NA,NA,NA,NA,NA,NA,NA,NA,NA,NA,NA,NA,NA,NA,NA,NA,NA,NA,NA,NA,NA,NA,NA,Oman
0,Panama,,Panama,Panama,country,"The wealthiest country in the region mostly due to the eponymous canal, this country only gained independence in the early 20th century from Colombia.",,NA,NA,NA,NA,NA,NA,NA,NA,NA,NA,NA,NA,NA,NA,NA,NA,NA,NA,NA,NA,NA,NA,NA,NA,Panama
0,Peru,,Peru,Peru,country,"The historic heartland of the Incas, this country still offers a lot of Inca heritage (Machu Picchu being the most visited site) plus the Nazca lines, made by an earlier culture for a still not entirely clear purpose.",,NA,NA,NA,NA,NA,NA,NA,NA,NA,NA,NA,NA,NA,NA,NA,NA,NA,NA,NA,NA,NA,NA,NA,NA,Peru
0,French_Polynesia,,French Polynesia,French_Polynesia,country,"Known for natural attractions. Recommended places to visit are Mount Duff, Bora Bora and Manihi.",,NA,NA,NA,NA,NA,NA,NA,NA,NA,NA,NA,NA,NA,NA,NA,NA,NA,NA,NA,NA,NA,NA,NA,NA,French Polynesia
0,Papua_New_Guinea,,Papua New Guinea,Papua_New_Guinea,country,"Geographically part of Melanesia, the islands have tropical rainforests, great scenery, and diverse cultures.",,NA,NA,NA,NA,NA,NA,NA,NA,NA,NA,NA,NA,NA,NA,NA,NA,NA,NA,NA,NA,NA,NA,NA,NA,Papua New Guinea
0,Philippines,,Philippines,Philippines,country,"A unique fusion of the Asian traditions of non-confrontation and respect for elders combined with Spanish ideas of machismo, romance and sophistication (plus modern Americanization), the largest Christian nation in the region, and second largest archipelago with 7,641 islands – most with beautiful tropical beaches, warmth and friendly smiles.",,NA,NA,NA,NA,NA,NA,NA,NA,NA,NA,NA,NA,NA,NA,NA,NA,NA,NA,NA,NA,NA,NA,NA,NA,Philippines
0,Pakistan,,Pakistan,Pakistan,country,"Rich in culture and history, varying climates and terrains from hot deserts to snowy mountains, and home of 5 of only 14 8,000-metre mountains on earth, but tourism is suffering due to the unpredictable security situation.",,NA,NA,NA,NA,NA,NA,NA,NA,NA,NA,NA,NA,NA,NA,NA,NA,NA,NA,NA,NA,NA,NA,NA,NA,Pakistan
0,Poland,,Poland,Poland,country,This beautiful country has a long and brave history spanning thousands of years.,,NA,NA,NA,NA,NA,NA,NA,NA,NA,NA,NA,NA,NA,NA,NA,NA,NA,NA,NA,NA,NA,NA,NA,NA,Poland
0,Puerto_Rico,,Puerto Rico,Puerto_Rico,country,"A United States territory with bustling nightlife, as well as great inland sceneries.",,22.2222222222222,28.3333333333333,22.2222222222222,28.8888888888889,22.7777777777778,29.4444444444444,23.3333333333333,30.0,24.4444444444444,31.1111111111111,25.5555555555556,31.6666666666667,25.5555555555556,31.6666666666667,25.5555555555556,31.6666666666667,25.5555555555556,31.6666666666667,25.0,31.6666666666667,23.8888888888889,30.0,22.7777777777778,28.8888888888889,Puerto Rico
0,Portugal,,Portugal,Portugal,country,This stunning country is bordered by Spain and the picturesque Atlantic Ocean.,,NA,NA,NA,NA,NA,NA,NA,NA,NA,NA,NA,NA,NA,NA,NA,NA,NA,NA,NA,NA,NA,NA,NA,NA,Portugal
0,Palau,,Palau,Palau,country,"A beautiful nation with a lake full of jellyfish, rock islands and an interesting culture.",,23.9,30.6,23.9,30.6,24.1,30.9,24.4,31.3,24.5,31.4,24.2,31.0,24.1,30.6,24.3,30.7,24.5,30.9,24.4,31.1,24.4,31.4,24.2,31.1,Palau
0,Paraguay,,Paraguay,Paraguay,country,"Possibly the least visited country on the continent, in flat Paraguay you can see Jesuit missions, some major rivers and the impressive Itaipú Dam and hear the native Guaraní language.",,NA,NA,NA,NA,NA,NA,NA,NA,NA,NA,NA,NA,NA,NA,NA,NA,NA,NA,NA,NA,NA,NA,NA,NA,Paraguay
0,Qatar,,Qatar,Qatar,country,This Arabian peninsula is the world's richest country in term of per capita GDP (PPP).,,14.0,22.0,15.0,23.0,17.0,27.0,21.0,33.0,27.0,39.0,29.0,42.0,31.0,42.0,31.0,42.0,29.0,39.0,25.0,35.0,21.0,30.0,16.0,25.0,Qatar
0,Romania,,Romania,Romania,country,"While it's not entirely Balkan (the region of Transylvania lies in Central Europe), Romania offers a wonderful combination of old and new, mixing dance halls with Dracula.",,NA,NA,NA,NA,NA,NA,NA,NA,NA,NA,NA,NA,NA,NA,NA,NA,NA,NA,NA,NA,NA,NA,NA,NA,Romania
0,Serbia,,Serbia,Serbia,country,"Historic cities, monasteries, national parks and a good nightlife, Serbia has a lot to offer the traveller.",,NA,NA,NA,NA,NA,NA,NA,NA,NA,NA,NA,NA,NA,NA,NA,NA,NA,NA,NA,NA,NA,NA,NA,NA,Serbia
0,Russia,,Russia,Russia,country,Northern Asia belongs to Russia.,,NA,NA,NA,NA,NA,NA,NA,NA,NA,NA,NA,NA,NA,NA,NA,NA,NA,NA,NA,NA,NA,NA,NA,NA,Russia
0,Rwanda,,Rwanda,Rwanda,country,Gorillas in the mist.,,15.6,26.9,15.8,27.4,15.7,26.9,16.1,26.2,16.2,25.9,15.3,26.4,15.0,27.1,16.0,28.0,16.0,28.2,15.9,27.2,15.5,26.1,15.6,26.4,Rwanda
0,Saudi_Arabia,,Saudi Arabia,Saudi_Arabia,country,"This oil-rich desert kingdom, subject to some of the harshest interpretations on Islamic Law in the world, is home to the holiest cities for Muslims: Mecca and Medina.",,NA,NA,NA,NA,NA,NA,NA,NA,NA,NA,NA,NA,NA,NA,NA,NA,NA,NA,NA,NA,NA,NA,NA,NA,Saudi Arabia
0,Solomon_Islands,,Solomon Islands,Solomon_Islands,country,"Known for natural attractions. Recommended places to visit are Laulasi Island, Uepi and Santa Cruz Islands.",,NA,NA,NA,NA,NA,NA,NA,NA,NA,NA,NA,NA,NA,NA,NA,NA,NA,NA,NA,NA,NA,NA,NA,NA,Solomon Islands
0,Seychelles,,Seychelles,Seychelles,country,A group of 115 islands northeast of Madagascar and the smallest country in Africa by both area and population.,,24.1,29.8,24.6,30.4,24.8,31.0,25.0,31.4,25.4,30.5,24.6,29.1,23.9,28.3,23.9,28.4,24.2,29.1,24.3,29.6,24.0,30.1,23.9,30.0,Seychelles
0,Sudan,,Sudan,Sudan,country,One of the largest countries in Africa and home to the world's oldest continuous major civilisations; it has been very prone to conflict.,,NA,NA,NA,NA,NA,NA,NA,NA,NA,NA,NA,NA,NA,NA,NA,NA,NA,NA,NA,NA,NA,NA,NA,NA,Sudan
0,Sweden,,Sweden,Sweden,country,"The largest Nordic country by area and population is home to endless forests, clear blue lakes and the beautiful archipelagos along its coasts.",,NA,NA,NA,NA,NA,NA,NA,NA,NA,NA,NA,NA,NA,NA,NA,NA,NA,NA,NA,NA,NA,NA,NA,NA,Sweden
0,Singapore,,Singapore,Singapore,city_state,"Prosperous, clean and orderly island city-state, with a Chinese majority but with strong Malay and Indian communities, the main business and financial hub of the region.",,23.9,30.4,24.3,31.7,24.6,32.0,25.0,32.3,25.4,32.2,25.4,32.0,25.0,31.3,25.0,31.4,24.8,31.4,24.7,31.7,24.3,31.1,24.0,30.2,Singapore
0,Slovenia,,Slovenia,Slovenia,country,"Much more than just another post-Yugoslav state, this small nation has both the Adriatic sea and the Alps, Romance, Slavic and Germanic influences and a well educated population that speaks enough foreign languages to welcome visitors from all around the globe.",,NA,NA,NA,NA,NA,NA,NA,NA,NA,NA,NA,NA,NA,NA,NA,NA,NA,NA,NA,NA,NA,NA,NA,NA,Slovenia
0,Slovakia,,Slovakia,Slovakia,country,"Often mistaken as simply an appendix of ""big brother"" Czech Republic, this small ice-hockey crazy nation has made good use of its independence won in 1993 and now offers a unique blend of German, Magyar, Czech and Slovak influences that come together in its capital Bratislava as well as the skiing resorts of Europe's smallest high mountain range, the High Tatra.",,NA,NA,NA,NA,NA,NA,NA,NA,NA,NA,NA,NA,NA,NA,NA,NA,NA,NA,NA,NA,NA,NA,NA,NA,Slovakia
0,Sierra_Leone,,Sierra Leone,Sierra_Leone,country,"Some of the best beaches anywhere in the world, and huge potential for tourism, but held back by enormous transport infrastructure problems and extreme poverty.",,NA,NA,NA,NA,NA,NA,NA,NA,NA,NA,NA,NA,NA,NA,NA,NA,NA,NA,NA,NA,NA,NA,NA,NA,Sierra Leone
0,San_Marino,,San Marino,San_Marino,city_state,A microstate claiming to be the world's oldest republic. It has a historic hilltop capital with three old fortresses.,,1.0,7.0,2.0,9.0,6.0,14.0,9.0,17.0,14.0,23.0,18.0,28.0,20.0,30.0,20.0,30.0,16.0,25.0,12.0,20.0,7.0,13.0,3.0,8.0,San Marino
0,Senegal,,Senegal,Senegal,country,"West Africa's other ""visitor-friendly"" destination, with tasty food, nice beaches, and French colonial history.",,NA,NA,NA,NA,NA,NA,NA,NA,NA,NA,NA,NA,NA,NA,NA,NA,NA,NA,NA,NA,NA,NA,NA,NA,Senegal
0,Somalia,,Somalia,Somalia,country,"One of the least visited nations on earth, wrought with political instability, civil war, and rampant kidnapping/abductions.",,NA,NA,NA,NA,NA,NA,NA,NA,NA,NA,NA,NA,NA,NA,NA,NA,NA,NA,NA,NA,NA,NA,NA,NA,Somalia
0,Suriname,,Suriname,Suriname,country,"This former Dutch colony offers a unique mix of Caribbean, Asian, Dutch and Latin American.",,NA,NA,NA,NA,NA,NA,NA,NA,NA,NA,NA,NA,NA,NA,NA,NA,NA,NA,NA,NA,NA,NA,NA,NA,Suriname
0,South_Sudan,,South Sudan,South_Sudan,country,"The world's newest country, it split off from warring neighbor Sudan in July 2011.",,NA,NA,NA,NA,NA,NA,NA,NA,NA,NA,NA,NA,NA,NA,NA,NA,NA,NA,NA,NA,NA,NA,NA,NA,South Sudan
0,El_Salvador,,El Salvador,El_Salvador,country,The only Central American country without an Atlantic coastline marred by decades of civil war now thankfully in the past.,,NA,NA,NA,NA,NA,NA,NA,NA,NA,NA,NA,NA,NA,NA,NA,NA,NA,NA,NA,NA,NA,NA,NA,NA,El Salvador
0,Syria,,Syria,Syria,country,"This historic country was part of the Fertile Crescent in ancient times and shows the imprint of all historical periods since, but is in the throes of a bloody civil war that has not only killed a large number of people and displaced even more, but has also involved wholesale looting and destruction of archaeological relics by the so-called Islamic State organization, one of several fighting in Syria.",,NA,NA,NA,NA,NA,NA,NA,NA,NA,NA,NA,NA,NA,NA,NA,NA,NA,NA,NA,NA,NA,NA,NA,NA,Syria
0,Turks_and_Caicos_Islands,,Turks and Caicos Islands,Turks_and_Caicos_Islands,country,Fabulous beaches and offshore banking.,,23.0,27.0,23.0,27.0,23.0,28.0,24.0,28.0,25.0,29.0,26.0,30.0,27.0,31.0,27.0,31.0,27.0,31.0,26.0,30.0,24.0,29.0,24.0,28.0,Turks and Caicos Islands
0,Chad,,Chad,Chad,country,Well off-the-beaten-path for all but the hardiest of travellers; very unstable in the north.,,NA,NA,NA,NA,NA,NA,NA,NA,NA,NA,NA,NA,NA,NA,NA,NA,NA,NA,NA,NA,NA,NA,NA,NA,Chad
0,Togo,,Togo,Togo,country,"A small country that is home to no less than 40 different ethnic groups, and the surreal villages of Tamberma Valley.",,NA,NA,NA,NA,NA,NA,NA,NA,NA,NA,NA,NA,NA,NA,NA,NA,NA,NA,NA,NA,NA,NA,NA,NA,Togo
0,Thailand,,Thailand,Thailand,country,"Rich culture and cuisine with frenetic cities, chilled-out beaches, and remains of Buddhist kingdoms, making it a very popular destination with visitors returning time and again.",,NA,NA,NA,NA,NA,NA,NA,NA,NA,NA,NA,NA,NA,NA,NA,NA,NA,NA,NA,NA,NA,NA,NA,NA,Thailand
0,Tajikistan,,Tajikistan,Tajikistan,country,"Central Asia's poorest backwater truly is off the beaten path, but has some incredible landscapes and Persian culture nonetheless.",,NA,NA,NA,NA,NA,NA,NA,NA,NA,NA,NA,NA,NA,NA,NA,NA,NA,NA,NA,NA,NA,NA,NA,NA,Tajikistan
0,East_Timor,,East Timor,East_Timor,country,"One of the world's newest states, a former Portuguese colony on the eastern half of the island of Timor, boasts excellent diving and an unique culture in the region.",,NA,NA,NA,NA,NA,NA,NA,NA,NA,NA,NA,NA,NA,NA,NA,NA,NA,NA,NA,NA,NA,NA,NA,NA,East Timor
0,Turkmenistan,,Turkmenistan,Turkmenistan,country,"An amalgam of desert moonscapes and arid mountains, dotted with the ruins of great ancient civilizations, and ruled until 2006 by a post-Soviet lunatic cultivating one of the most bizarre cults of personality in history, this is off-the-beaten-path, difficult (courtesy of rotten officialdom), but potentially very rewarding travel.",,NA,NA,NA,NA,NA,NA,NA,NA,NA,NA,NA,NA,NA,NA,NA,NA,NA,NA,NA,NA,NA,NA,NA,NA,Turkmenistan
0,Tunisia,,Tunisia,Tunisia,country,Located in the very centre of Mediterranean Africa.,,6.4,14.7,6.5,15.7,8.2,17.6,10.4,20.3,13.8,24.4,17.7,28.9,20.1,32.4,20.7,32.3,19.0,29.2,15.2,24.6,10.7,19.6,7.5,15.8,Tunisia
0,Tonga,,Tonga,Tonga,country,The so-called “Friendly islands” and a Kingdom. But traditional and modern cultures are now clashing.,,22.0,28.0,22.0,29.0,22.0,28.0,21.0,27.0,20.0,26.0,18.0,25.0,17.0,25.0,18.0,24.0,17.0,25.0,19.0,25.0,20.0,27.0,20.0,27.0,Tonga
0,Turkey,,Turkey,Turkey,country,"A very varied country that literally bridges Europe and Asia, it includes the cosmopolitan metropolis of Istanbul, many historical sites, and gorgeous mountains, lakes and coastlines.",,NA,NA,NA,NA,NA,NA,NA,NA,NA,NA,NA,NA,NA,NA,NA,NA,NA,NA,NA,NA,NA,NA,NA,NA,Turkey
0,Trinidad_and_Tobago,,Trinidad and Tobago,Trinidad_and_Tobago,country,"Known for dinner. Recommended places to visit are Port of Spain, Tobago and Chacachacare Lighthouse.",,NA,NA,NA,NA,NA,NA,NA,NA,NA,NA,NA,NA,NA,NA,NA,NA,NA,NA,NA,NA,NA,NA,NA,NA,Trinidad and Tobago
0,Tuvalu,,Tuvalu,Tuvalu,country,One of the smallest countries in the world in terms of population.,,27.2222222222222,30.5555555555556,27.2222222222222,30.0,27.2222222222222,30.0,27.2222222222222,30.5555555555556,27.7777777777778,30.5555555555556,27.2222222222222,30.0,27.2222222222222,30.0,27.2222222222222,30.0,27.2222222222222,30.0,27.2222222222222,30.5555555555556,27.2222222222222,30.5555555555556,27.2222222222222,30.5555555555556,Tuvalu
0,Taiwan,,Taiwan,Taiwan,country,"The remnants of the Republic of China, and an island of sharp contrasts: lush mountains, skyscrapers, gentle tai-chi and good food.",,NA,NA,NA,NA,NA,NA,NA,NA,NA,NA,NA,NA,NA,NA,NA,NA,NA,NA,NA,NA,NA,NA,NA,NA,Taiwan
0,Tanzania,,Tanzania,Tanzania,country,"Mt. Kilimanjaro, major game parks and the pre-colonial cities of the Swahili Coast.",,NA,NA,NA,NA,NA,NA,NA,NA,NA,NA,NA,NA,NA,NA,NA,NA,NA,NA,NA,NA,NA,NA,NA,NA,Tanzania
0,Ukraine,,Ukraine,Ukraine,country,"Known for museums. Recommended places to visit are Swallow's Nest, Marble Cave and Lviv.",,NA,NA,NA,NA,NA,NA,NA,NA,NA,NA,NA,NA,NA,NA,NA,NA,NA,NA,NA,NA,NA,NA,NA,NA,Ukraine
0,Uganda,,Uganda,Uganda,country,Wildlife abounds and this is the best place for treks into the Congolese jungle to visit the nearly extinct mountain gorillas.,,NA,NA,NA,NA,NA,NA,NA,NA,NA,NA,NA,NA,NA,NA,NA,NA,NA,NA,NA,NA,NA,NA,NA,NA,Uganda
0,United_States,,United States,United_States,country,"One of the largest, most ethnically diverse and multicultural nations on Earth includes some of the world's most famous cities, natural parks of unspeakable beauty, and virtually everything in between.",,NA,NA,NA,NA,NA,NA,NA,NA,NA,NA,NA,NA,NA,NA,NA,NA,NA,NA,NA,NA,NA,NA,NA,NA,United States
0,Uruguay,,Uruguay,Uruguay,country,"As futbol-crazy as its neighbors of Argentina and Brazil, Uruguay also offers beaches, lovely historic towns, and a laid-back lifestyle.",,NA,NA,NA,NA,NA,NA,NA,NA,NA,NA,NA,NA,NA,NA,NA,NA,NA,NA,NA,NA,NA,NA,NA,NA,Uruguay
0,Uzbekistan,,Uzbekistan,Uzbekistan,country,"With cities such as Samarkand, Bukhara, Khiva, Tashkent, and other old Silk Road citadels, this country has way more than its fair share of culture and history.",,NA,NA,NA,NA,NA,NA,NA,NA,NA,NA,NA,NA,NA,NA,NA,NA,NA,NA,NA,NA,NA,NA,NA,NA,Uzbekistan
0,Saint_Vincent_and_the_Grenadines,,Saint Vincent and the Grenadines,Saint_Vincent_and_the_Grenadines,country,"Known for natural attractions. Recommended places to visit are Canouan, Petit Canouan and Tobago Cays.",,NA,NA,NA,NA,NA,NA,NA,NA,NA,NA,NA,NA,NA,NA,NA,NA,NA,NA,NA,NA,NA,NA,NA,NA,Saint Vincent and the Grenadines
0,Venezuela,,Venezuela,Venezuela,country,"You may think only of oil and socialism, but Venezuela also offers jungles, waterfalls, major cities like Maracaibo and Caracas and Lake Maracaibo, one of the biggest lakes or bays (depending on whom you ask) in the world.",,NA,NA,NA,NA,NA,NA,NA,NA,NA,NA,NA,NA,NA,NA,NA,NA,NA,NA,NA,NA,NA,NA,NA,NA,Venezuela
0,British_Virgin_Islands,,British Virgin Islands,British_Virgin_Islands,country,"Known for diving. Recommended places to visit are Tortola, Queen Elizabeth II Bridge and Virgin Gorda.",,20.0,26.1111111111111,19.4444444444444,26.6666666666667,20.0,27.7777777777778,20.5555555555556,28.8888888888889,21.6666666666667,29.4444444444444,22.7777777777778,30.0,22.7777777777778,30.5555555555556,22.7777777777778,30.5555555555556,22.7777777777778,30.0,22.2222222222222,29.4444444444444,21.6666666666667,27.7777777777778,20.5555555555556,26.6666666666667,British Virgin Islands
0,Vietnam,,Vietnam,Vietnam,country,"Firmly marching down the road to capitalism as one of the world's fastest growing economies, Vietnam has a blend of Southeast Asian and Chinese values and culture, and a huge diversity of both natural and cultural attractions.",,NA,NA,NA,NA,NA,NA,NA,NA,NA,NA,NA,NA,NA,NA,NA,NA,NA,NA,NA,NA,NA,NA,NA,NA,Vietnam
0,Vanuatu,,Vanuatu,Vanuatu,country,"Known for natural attractions. Recommended places to visit are Port-Vila, Malo Island and Aore Island.",,NA,NA,NA,NA,NA,NA,NA,NA,NA,NA,NA,NA,NA,NA,NA,NA,NA,NA,NA,NA,NA,NA,NA,NA,Vanuatu
0,Wallis_and_Futuna,,Wallis and Futuna,Wallis_and_Futuna,country,"Known for natural attractions. Recommended places to visit are Mata Utu, Wallis Island and Futuna Island.",,NA,NA,NA,NA,NA,NA,NA,NA,NA,NA,NA,NA,NA,NA,NA,NA,NA,NA,NA,NA,NA,NA,NA,NA,Wallis and Futuna
0,Samoa,,Samoa,Samoa,country,"Two main volcanic islands with luxuriant vegetation, traditional culture and wonderful open-sided houses.",,23.9,30.4,24.2,30.6,24.0,30.6,23.8,30.7,23.4,30.4,23.2,30.0,22.6,29.5,22.8,29.6,23.1,29.9,23.4,30.1,23.6,30.3,23.8,30.5,Samoa
0,Yemen,,Yemen,Yemen,country,"This beautiful country, famous for its traditional adobe highrises, fertile highlands and delicious food, is in the throes of a brutal civil war and a very destructive international bombing campaign.",,NA,NA,NA,NA,NA,NA,NA,NA,NA,NA,NA,NA,NA,NA,NA,NA,NA,NA,NA,NA,NA,NA,NA,NA,Yemen
0,South_Africa,,South Africa,South_Africa,country,One of the richest countries in Africa has its share of wildlife and tourist-friendly sites.,,NA,NA,NA,NA,NA,NA,NA,NA,NA,NA,NA,NA,NA,NA,NA,NA,NA,NA,NA,NA,NA,NA,NA,NA,South Africa
0,Zambia,,Zambia,Zambia,country,A landlocked country in the north of Southern Africa.,,NA,NA,NA,NA,NA,NA,NA,NA,NA,NA,NA,NA,NA,NA,NA,NA,NA,NA,NA,NA,NA,NA,NA,NA,Zambia
0,Zimbabwe,,Zimbabwe,Zimbabwe,country,"Once known as the breadbasket of Africa, widely known for its famous landmarks, tourist attractions and varied scenery.",,NA,NA,NA,NA,NA,NA,NA,NA,NA,NA,NA,NA,NA,NA,NA,NA,NA,NA,NA,NA,NA,NA,NA,NA,Zimbabwe
